size_microns,aspect_ratio,roundness,is_microplastic,polymer_type
1873.326054117965,0.7776993932579295,0.3355351153623154,1,PP
4753.620817743171,1.3128514210675373,0.32228091916479984,1,PE
3660.237715115214,1.8094187538146125,0.915629122468933,0,PP
2993.693762500986,1.5983373296143417,0.3245915798645555,1,PE
780.9371835717402,1.7098417217921746,0.3447547535157679,1,PP
780.816607160677,1.488175050066076,0.7834584361761673,1,PE
291.3599772288291,1.5384148467767786,0.504765858205486,1,PP
4331.0145527289005,1.7737934773479789,0.799039501259663,0,PP
3005.973943704301,0.8745020132887789,0.15882954180794673,1,PP
3540.6548164024316,1.2341374454647107,0.5388140743060459,0,PP
103.90188698471643,0.8318141627294033,0.13025224016495437,1,PP
4849.57935095781,1.9815020119949704,0.15638788310981908,0,PP
4162.380761361308,1.91608900952992,0.9157937080099698,1,PE
1062.4832142807024,0.5591402170527588,0.22532083400583566,1,PE
909.943011068296,1.5583627587735327,0.5791786140476954,1,PE
917.8391447573157,1.8878724761234986,0.4699860423406359,1,PE
1521.906972554729,0.7708630176910003,0.41260899363295844,1,PE
2624.257401729557,1.3519178458289443,0.9098500111185452,1,PP
2160.293148191937,1.8732324463820627,0.11964105709794055,0,PE
1456.8544718500116,0.5509189678786983,0.6974107175580302,1,PP
3059.652620717175,1.5461304008702599,0.9670549907921954,0,PE
698.3298093995571,0.9460235110588262,0.6041513651156577,1,PE
1461.4310980275557,1.8865942930647956,0.9431402158297827,1,PP
1832.4428546251647,1.9565873677480516,0.1470320913574214,1,PP
2280.893851100963,1.9163997336701508,0.47691398716674527,0,PP
3926.094631003675,1.2113213249861956,0.334142011865846,1,PP
999.1692370096404,1.7930639764839702,0.7577388684826568,1,PE
2571.6579576296444,1.7668240978026055,0.983167381447522,1,PP
2962.4804297413502,0.9786507098648835,0.33087705619982305,1,PE
233.20561318726863,1.743373211226016,0.688757141326667,1,PE
3038.1167146552903,0.5555114520732389,0.27828786948376616,0,PE
853.4500943127704,1.3944048177230797,0.6087972291144489,1,PE
326.1929133334123,0.8450132559315546,0.5175392380195026,1,PE
4744.478800729413,0.6808503286659182,0.9748047966683834,0,PP
4828.1945333397225,0.6154298024438137,0.6476745454268199,0,PP
4042.178343234189,1.5444331638172097,0.4145557348781369,0,PE
1523.76423209768,1.0098124456520992,0.20268620639914003,1,PE
489.262897917913,1.5871501572931421,0.23612214586144112,1,PE
3421.4808995342723,0.5980345111984136,0.3027852369561116,0,PE
2201.322316204267,0.9729355067459156,0.3258699952062682,1,PP
611.0691359890493,1.3092369385630058,0.865554452057024,0,PE
2476.3893736462396,1.6860847472584453,0.6051005094542724,1,PP
172.90821705497677,0.9781287543981049,0.5710518202369298,0,PE
4546.692689991832,1.4388370646555138,0.20329198468229573,1,PP
1294.6411280184846,1.8289666223542806,0.8741257240144915,1,PE
3312.948899485556,1.423794782273457,0.7505328728876354,1,PP
1559.2436693709653,0.8494392121304506,0.16090152571000144,1,PE
2600.820037867876,0.536601172334807,0.7370515875067918,1,PP
2734.004686437055,1.8051483108513948,0.5891843956083814,1,PE
925.0874231721097,0.5319041162755807,0.17355281117210042,0,PE
4847.953554195028,1.812052509026299,0.5124705773757908,0,PP
3875.888983982212,1.293405701040818,0.5362266584170423,1,PP
4697.555208879381,1.9086015477693443,0.2491970861469482,0,PP
4474.241924787816,1.6981748536604981,0.9511283323002541,0,PP
2989.9019940766148,1.9969011658000062,0.8649778343325958,1,PP
4609.449300880561,1.0260677231775652,0.7021201035961975,1,PE
443.3740177575456,1.6507824333966903,0.5160660049005465,1,PE
980.7183292333068,1.1028963704138632,0.4705889874260577,0,PE
227.09121726377978,1.2198134304558632,0.6858761204358588,0,PP
1627.3263234855585,1.4412581948275551,0.590888682466215,1,PE
1943.9977711577205,1.810515671279508,0.15604579529369705,0,PE
1357.4738098377056,1.9761252037989427,0.5612523838932986,0,PP
4143.858808250495,1.6524101207967772,0.8257632555095555,1,PP
1784.4098801412529,1.1266501732510006,0.5133158898372623,1,PE
1405.3916139272164,1.1320355034156053,0.1467609197988416,1,PE
2713.937719708084,1.6063734523833373,0.8076503794456298,0,PE
705.4802006488385,0.8581657186524535,0.281227403922377,0,PE
4011.182706789444,0.665711169697092,0.33275875139923494,1,PE
373.67866775517433,1.0319332364611649,0.2482357180890663,0,PP
4934.447796065986,0.9308584874811225,0.3971935583843478,1,PP
3861.4516017139904,0.9444621806839851,0.7810763551197715,1,PP
994.3796919893279,0.8504116265748649,0.5674472735535436,1,PE
28.60506350088839,0.5631397844545428,0.2843931467356413,1,non_plastic
4077.491680845716,0.5268109021001207,0.8900470703368367,0,PE
3534.579861894238,1.9815835846040473,0.8916236694563763,1,PE
3645.3068330368956,1.1416597006037934,0.8835205825414062,1,PP
3856.5804630830426,1.0764899707395226,0.31491659024338536,1,PE
371.1492140187177,1.5194709240396047,0.5061154097628893,0,PE
1792.9701769928188,0.8273808317975963,0.9864906905267876,0,PP
580.2294285661235,1.924941775925338,0.7948112286789913,1,PE
4315.654025952092,1.679517521623328,0.12445067910300384,1,PP
3116.867336010962,0.6341165034683893,0.15868413213444285,1,PE
1655.1592262383933,1.1263711636773925,0.5175382391310995,0,PP
318.7281930798321,1.818677461343247,0.9182981852754042,1,PE
1555.6006262565954,1.9170980334371155,0.5848316181574428,1,PE
1626.5914268117085,1.2011022668748046,0.5480312572308612,1,PP
3648.3012855119823,1.4201170838160615,0.19492632996096754,1,PE
3188.1497993047105,0.7505509191381128,0.6911020942518646,0,PE
4436.176500139057,1.9867529392054648,0.839892844540203,1,PE
2361.6024108845845,0.8475075520751651,0.44237800675680616,0,PE
598.8516354455702,1.9140976612026885,0.7980506658327947,1,PE
3566.510691327752,1.4744699734885527,0.9680289885107305,1,PE
3804.16445803587,1.4116051923182886,0.2833898132149202,1,PP
2806.8247106499116,1.269032766524763,0.5709966680752672,1,PE
3855.0649325928503,0.8460047175766381,0.35842416227611795,0,PE
2469.4841862255894,0.7647920480082624,0.8135689771304554,1,PE
2614.141414080588,0.830729313605263,0.6198340292930418,1,PE
2138.2775507743895,0.7796573932163817,0.6711241757952734,0,PP
128.07021459373186,1.66937671035013,0.8181227436543047,0,PE
540.349243539529,1.0251878887500951,0.4563734253962094,1,PP
158.11449924798453,0.5867640148450946,0.9235810615663389,0,PE
3182.415645907638,1.953653945211217,0.579725980521526,1,PP
1572.465549400557,1.8256788274451385,0.2421593405518132,1,PP
2543.344885132349,1.8916284247928195,0.7263092063519222,1,PP
4537.924803156539,1.9923617339696529,0.8139352153944289,0,PP
1247.2118535152258,0.760842873829231,0.385085509360774,1,PP
2052.504232255113,1.094363028353988,0.8714613312988777,1,PE
3778.0001415767,1.637357713556137,0.9155289292891897,0,PE
1144.7620292926206,1.5440309270806885,0.34921403864002803,1,PP
385.82256923413615,0.7308438595097826,0.9851693254436998,1,PE
1449.4675131159263,1.7237496874859266,0.22664037524388259,1,PE
806.9452149827681,0.836660857754991,0.28181410156224096,0,PP
4648.558564060523,0.8357264222339347,0.2658023553142235,1,PE
4040.7937774425204,1.3054616343401204,0.9045907390070834,0,PP
3167.385378795607,1.3894099022625548,0.6888632970924656,0,PP
4357.431490348401,1.3701293117567168,0.2368938549000456,1,PP
4018.556712418673,0.6372302560966323,0.49629107653151405,1,PP
933.6637243712931,1.8161912939455704,0.6537682225628219,0,PE
4462.902433451399,0.8984000638830592,0.17511767649044496,0,PE
2697.171867336338,0.6942723819242063,0.8941747315666049,0,PE
4037.3933356651487,1.8331221198034657,0.8232431818973817,0,PE
4480.560408317543,1.93347724734463,0.5546860962189745,0,PP
1590.6993713843476,1.793191425898176,0.9704139537332533,0,PP
551.1495707138561,1.714274112087317,0.47598488134758976,1,PE
1140.4478775471664,1.4828629709585326,0.985699287132848,1,PE
2136.1118353426555,1.3262860559137089,0.7011279989232644,1,PP
4090.255814846543,0.6304801398671152,0.6712041459285473,1,PE
4303.792185698461,1.1126798196060481,0.24935940576620652,0,PE
35.753700525422325,1.059032775518471,0.8937349824741796,1,PS
2554.225765585251,0.8896306756404893,0.48474071912855365,1,PP
2087.637604740746,1.5851301705328775,0.24601006520423144,1,PP
1111.3169445431806,1.243813602618156,0.11134676797818314,1,PP
600.2069713010803,0.6215693238614719,0.6037801152745443,1,PP
1688.7382418467362,0.830274802924717,0.5746596599104087,1,PE
4714.605609858683,1.5248881454893939,0.7474182601322427,0,PE
1616.6914571717555,0.6141962892354502,0.901232247716022,1,PP
2594.4343180950873,1.776810371073153,0.17146592617872658,1,PE
3515.391775516994,1.2427197905209615,0.7583468413063261,1,PP
1818.7843822940906,1.220879865989972,0.268670749687824,1,PP
4858.938631522083,1.3886116769892765,0.8723593478414475,0,PP
4812.274027415614,1.7370214488877238,0.8371571624754904,1,PP
1259.6596968309955,1.0217138118532896,0.58671437948699,1,PP
2486.745280956035,1.5170242288385953,0.7392185187609803,1,PP
1505.0906707740317,1.3485979459936865,0.3829151018653736,1,PE
1424.9176313929606,0.900542405254132,0.5240511090395332,0,PE
185.39784982530944,1.817944979532737,0.8394732079394245,1,PE
3048.2121055655043,1.6961390324103922,0.5133386774558926,1,PP
2513.8924371210787,1.4876777519876383,0.4220184387928976,1,PE
258.3422774986968,1.7758725936413629,0.5447912025252699,1,PP
1393.9536747188206,1.8009413014397035,0.8454243271934965,1,PE
4541.4211639473015,1.5625444650725522,0.4016872426337855,1,PP
1198.569891444195,1.755519992545508,0.25638543382216944,0,PE
725.3294655840242,1.5462071925039256,0.7408126182977027,1,PP
2447.7743486275376,1.5202111576404507,0.8433803914372736,1,PP
4928.266620098893,1.4279170673227766,0.19057373067118,1,PE
1211.0343022859906,1.629074959336462,0.31588670148035025,1,PE
3361.005601481987,0.7379076579396106,0.22777479078489452,1,PP
3808.3364570282592,1.8213061387983926,0.41314727042394994,0,PE
1188.9500824180059,1.807765291617848,0.5053158810148713,1,PE
3641.353526710686,0.5438709245518387,0.7739437032669758,0,PP
1839.5478804635468,1.738725125847144,0.6860328263935067,1,PP
3161.8968471373037,0.6933048012101678,0.658835710730588,0,PP
3168.015024093713,1.0026782813887127,0.417137451948689,1,PE
2679.3376456897176,1.6152623844374117,0.8573027977762839,1,PE
452.3585605019871,0.7411398440724624,0.5241584506583481,0,PP
4176.677175450601,1.7269505361785933,0.9811944442136391,1,PP
1604.5795447937073,1.748201266936613,0.6707279244661631,1,PP
933.4060334888713,1.2612016006412543,0.21363826740805247,0,PE
204.8349326322648,0.5095788075752503,0.7085598058678906,1,PE
2954.873822998021,0.9305571997623692,0.3925936138885291,1,PE
3388.14424484957,1.4253903775636134,0.7176944770174877,1,PE
83.9225568103529,1.9717792670411352,0.16267703334616518,0,non_plastic
2560.9531984381056,1.4477202905250026,0.2573932934583635,0,PE
1133.2523802144917,0.8897053715962397,0.8701635330152077,0,PP
3226.2187792568398,1.451008554649417,0.3044616013211634,0,PE
872.6577785959522,1.3099780695737833,0.853337012718646,0,PP
3454.997752774227,1.6697680927267153,0.3513484796089694,1,PP
1934.2899961563865,0.6604709582404376,0.6785937190528368,1,PP
4683.713213694936,1.641541853753042,0.7247355161588479,1,PE
688.4671997858203,1.3118998680141654,0.5613892778305477,1,PP
1705.9906889002423,1.944488005788492,0.3747796090270582,0,PP
568.2541326817047,1.012808249058029,0.2913799387339865,0,PP
4623.543397774535,1.4489328397009222,0.1298704191061836,1,PP
4386.819427551524,1.8980421582650262,0.37355176111665145,0,PP
1290.450196948063,0.6537645919860189,0.6878465114781547,1,PP
3300.260246124861,1.9058427308546766,0.9444743366036344,1,PE
4086.293778805878,1.53182858345122,0.8840840340367468,1,PP
2776.4488571857123,0.6017555886577579,0.7894582988817723,1,PE
2648.7232412016765,0.9514453504202244,0.8096026089279688,1,PP
1210.019602211358,1.5622581329679224,0.6984864131283958,1,PE
466.42073626169014,0.6010259022031575,0.3342581718094027,1,PE
4486.18157400868,1.37325569026441,0.9164755276352469,1,PP
4502.189867759489,1.018824585429435,0.7036590807152506,1,PP
3165.8741849090666,1.4313732766512157,0.6043965678823959,1,PE
1695.8099254524548,0.5686130507187692,0.19989052229213297,1,PE
1746.6986634886919,1.8073052092285644,0.5023499894257829,1,PP
3630.052438672327,1.9602334537660955,0.5143224440817337,1,PE
4485.654189502933,1.9533167829285372,0.878107248570403,1,PP
4435.545034901322,1.624477747614387,0.5919833981690097,0,PE
3899.5978537422616,0.695129360195948,0.44236049407336875,1,PP
3210.5161991252844,1.6373947938935338,0.9791202956595934,1,PP
421.61568501024914,0.5368803746882023,0.1996485339936841,1,PE
808.9819417589742,0.5331853272934959,0.4802935854807502,0,PE
4492.872388446869,0.9854153287243119,0.13782220765426478,1,PE
3032.53886923829,1.2329647856069985,0.7659137086902373,1,PP
46.97606103153161,1.6556111267116898,0.9262688969792355,1,PS
508.25624278729447,1.5249430649097577,0.35203359659544053,1,PP
3317.845343771171,1.1688540595651224,0.8725075091192088,1,PE
26.302857647247215,0.9104399994224988,0.36299640741570804,1,PS
804.8794490360758,1.9956867502365667,0.9196931454795237,1,PE
2744.120213043564,1.1392719533539595,0.7785657132371055,0,PE
3459.7840932657737,1.1770805364945132,0.8244160991572947,1,PP
3260.1543362535,0.7454357317875038,0.11620590004040905,0,PP
1122.1222779933385,1.692214323124894,0.9665293213666234,1,PP
3561.1839275163316,1.540523338672233,0.754003892863291,0,PE
1187.0081883965036,0.8311544191831406,0.37427598584752,0,PP
1627.6730910981794,0.623571568423764,0.8464551983729622,0,PP
3732.710534185003,1.5207489531120697,0.353369078573437,0,PP
3248.514862337026,1.4817668214217028,0.8854784556095151,1,PP
4246.267829060395,0.9098892904973139,0.20132235137074334,1,PE
3288.4068486094166,1.9262953433756156,0.7333173797147162,1,PE
2841.9747080740226,0.7265868376713503,0.5866286289804193,0,PP
469.28016437263426,1.1485022015639028,0.18688102317589672,0,PE
1839.211299494108,1.9154238802513983,0.31770444543295506,0,PE
1326.7466360409455,1.1295909753891835,0.11116363264958332,0,PP
1220.704227252039,1.4577889214961284,0.5218911689180553,1,PP
4865.0797632074755,1.0963915969441915,0.3711387346840004,0,PP
1966.0955256091352,0.911322803523005,0.6385217358679829,1,PE
4460.340729330389,1.9759664719397423,0.3675140269377555,0,PE
3156.0619913603173,1.1140010094725645,0.36992720035628623,0,PP
3974.2617064047004,1.8411488055187015,0.768873878858443,1,PP
2513.6828284328553,0.8449319088366293,0.14332855238051811,1,PP
2884.942519247169,0.819657056037625,0.9126054956727885,0,PP
2463.095951400501,0.546701124326767,0.8670374869520633,0,PP
977.0196960024244,1.4775002380638276,0.7010242149037659,1,PP
3612.538124192265,1.0527895155856417,0.6338994130966459,0,PE
1404.5810398418382,1.7965373747594555,0.903072248325687,0,PP
122.55551619083774,1.2098148600373357,0.266797161575843,1,PP
3227.716007239932,1.9522901418720826,0.17107224597174575,1,PP
886.3762863558377,0.7782882735546817,0.3155591529185843,1,PE
4702.352463180218,1.8029347519334162,0.8151204508301713,1,PP
4769.688956435934,1.6648952791876126,0.131203240053835,1,PE
4574.407086712022,1.656382766966078,0.6245261515751407,1,PP
1851.4233425769664,1.7671748421753315,0.9958937645721789,1,PE
78.26762602780828,1.6415359864144983,0.8701264844537855,1,PS
4641.664494376039,1.4393304824471231,0.5693011201392305,0,PE
2141.492557438254,0.6968673165235814,0.15727681835797813,1,PE
4833.307440399304,0.5487892692368779,0.8482361629471389,1,PE
4818.136265469175,1.8812717717235303,0.6390806573594895,1,PP
4265.194267881333,1.424975471781107,0.20343969735361017,1,PE
1472.9500114558589,1.6948059364642645,0.18447155634102058,1,PE
1926.1035452810245,1.222283527268825,0.9186641374929332,0,PP
4255.832220912767,0.6759622834435917,0.7022802366442706,1,PE
1585.293103776232,0.6877786883038257,0.84635811938508,0,PP
848.2942406837764,1.528347930843457,0.8910810102540406,1,PP
2784.4495110292924,1.145458842349194,0.61459511684349,0,PP
4680.837716029744,0.8007870900505051,0.5657017165795372,1,PE
3480.45295357819,1.2373918201121552,0.48738466928889124,0,PP
2850.7357892767354,0.5963134056127011,0.38525192901200733,1,PE
486.7852923600719,1.3729571028715981,0.4911363647728406,1,PE
3075.4211262691497,0.9034901066526465,0.7964916901571407,0,PE
4950.279196671212,1.6963386509557823,0.6417310879136184,1,PP
701.2799921673836,0.9655429383853606,0.9032709609593614,1,PE
2592.12993216632,1.1828302236227017,0.49904201294126893,0,PP
4386.9879865678495,0.517430809862151,0.6463806208468786,1,PP
3704.102320153268,0.6086703316918383,0.6681767977827898,0,PE
3485.3816892353448,1.0887403346100273,0.632527446075693,1,PE
3512.717935851559,1.2199082520756852,0.7323703957769647,1,PP
1798.0962649475562,1.4000308221789557,0.3136901215373257,1,PP
1468.6656294782024,0.9374938680639548,0.5611273997912116,1,PP
4046.9964162370898,1.5424728291898138,0.1938023225275129,0,PE
4050.7568600012246,1.7901835957838068,0.44606019488033133,0,PE
4335.494520581939,1.6697764833400246,0.538900361759138,1,PE
4566.2895222298,0.5594282380225357,0.6870018335909253,1,PE
2557.200651905828,1.2207604208867435,0.9554779473275832,1,PE
2508.079957141311,0.6573952676272623,0.6405859598935203,1,PP
3991.677599654909,0.8630675237937913,0.7692345245589038,1,PE
3250.169689958048,1.9799938899007197,0.5556394535456824,1,PE
3510.132419411259,0.7137433143522698,0.6706936282386982,1,PP
3979.1675545110693,1.248332230177034,0.16383899452039608,1,PP
4450.136703746014,1.4272336014771787,0.3289524227576623,1,PE
1690.6377891008274,1.553697455816156,0.4256677838846249,0,PP
1878.5391802470801,1.339473025230371,0.5252440195058622,1,PE
470.81571726450414,0.5146562711287754,0.14108387095214536,1,PE
2891.8224248398737,0.9896919623659879,0.22602168779798593,1,PE
180.6754267099137,1.276567465077067,0.3491328770121752,0,PP
2328.5244926441683,0.63179974871725,0.9743794218109456,1,PE
2713.6805289031754,1.025940396813771,0.39821230639274574,1,PE
1433.4197193892937,0.5498046631870499,0.5338369523008742,1,PE
2954.575469584485,0.6178677457325311,0.2764879414645537,0,PP
153.4707494453081,1.0953849143023942,0.6497020639681914,0,PE
187.70359555732287,0.6990736310645905,0.35261489396437684,1,PE
4113.180202737632,1.3513112723923373,0.2862933205945841,1,PE
1801.593016414903,1.5341974537058987,0.5649153656013812,1,PE
636.175502746772,1.7008800486636244,0.10495521924437874,1,PP
2611.6940570139673,0.8002253663672152,0.1068976293843028,0,PP
3850.1977719399556,0.7512238733886046,0.297161928191672,1,PE
1079.8893164567191,0.6568517605016004,0.13304922625073903,0,PE
3114.8294886191825,1.454645374315455,0.19722317871762224,1,PE
427.65197750384624,1.5597135897303518,0.40497458440487644,1,PE
259.3569241218699,0.5473792172384631,0.8223271116218316,1,PE
2657.241803209172,1.9043183693655348,0.6148437790323708,1,PP
2703.6349729289223,0.5779569254772086,0.5614009533607748,1,PP
3187.512077589535,1.3119445029516057,0.3641399408873095,1,PP
3630.730577279585,1.5635907791763746,0.9385783474895347,0,PP
4879.28454523321,1.8064536856191284,0.45731353711347256,1,PP
2581.9854411576753,1.5711303981986418,0.17838349011619437,1,PP
1615.4594082332885,1.7025921246046878,0.6553598645060211,0,PE
3976.1357876487496,1.0091752888142091,0.20245455412894126,1,PP
1354.8904240591091,1.7222376706197684,0.4107008285215229,1,PE
2195.418132107475,0.6201722695770127,0.556670744846028,1,PE
393.2034503299875,1.8422249840907914,0.8868002722166582,1,PP
127.7283663338721,1.3213885642306042,0.5441919223061068,1,PE
4813.279424974948,1.7259466549437406,0.7320328894284979,0,PE
4180.064622440517,1.1784774267774503,0.9935351550991633,0,PP
3480.175056262396,1.4653665427947875,0.21834020790818348,1,PE
2045.3557691269352,1.28960399140417,0.34725837296756756,1,PE
867.298306034158,1.5973842826329978,0.4551184680378818,0,PP
783.0287763127592,0.6224449730458843,0.47964536068494823,1,PP
1251.964247924812,0.5905281259858457,0.4699189677389912,1,PP
2746.5840968658963,0.8706548510152197,0.9168499023008995,1,PE
3573.2650175776116,0.7393170201697825,0.7426293800201708,0,PE
3301.3266862119385,1.8076753498883025,0.6471146926816334,1,PP
1400.3895508327682,0.8288209810370665,0.3784354460765039,1,PP
4774.371538035307,1.963797883728697,0.8414113457991652,1,PP
3689.746686562147,1.0053436876566604,0.9595544603364901,1,PE
2772.215908504492,0.7731768735330489,0.8390784542952039,1,PE
3058.992010425527,1.6845477607137187,0.10140859467232562,1,PP
2098.5807120765216,1.4880616632513142,0.6727612331650663,0,PE
1239.407216516286,1.2472935746797085,0.14602184329789067,1,PP
1780.5074205776566,1.3330453264064468,0.3318464983003497,1,PE
3789.472706211381,1.5788026674083957,0.15357223031299452,1,PP
72.95304966014959,0.8426821119969481,0.643415907654449,0,PS
581.2471298940743,1.994500874085113,0.7179309221433461,0,PP
230.967207466742,1.9621897432201747,0.2030388742593146,1,PE
204.6032827925317,1.4754885295204052,0.44545499474048156,1,PP
4277.4474594710255,0.7993136763937176,0.5106128580599878,1,PP
3518.5856390407384,1.5203423636469369,0.4321477195848249,1,PE
2371.3949716075385,0.6082976134687638,0.20892250043667376,1,PP
490.0729690943564,0.545978753308709,0.4770530111687279,1,PP
2458.587759709045,0.8865243327668205,0.7760602430275763,1,PP
2367.8853821320477,1.1939344351089745,0.16390689807992992,1,PP
866.8361476801659,1.8024087581125707,0.17216201267371312,1,PE
2169.824394540627,1.590753604649462,0.41929416265238584,0,PE
1993.1251672524697,1.6140597817999716,0.9475531404570325,1,PE
3079.6346401630303,1.138240001672113,0.7017153820506227,1,PP
3175.833160687351,1.0189024888204443,0.7108029610053083,0,PP
227.47474485045055,1.056558144476904,0.4257279917540785,0,PP
1873.6884605177297,1.9814743456040866,0.6342947120876846,1,PE
3129.673718655468,0.5601637871187237,0.10911806562496905,0,PE
2516.1781566418585,1.8005472441836727,0.672486441768588,0,PP
4282.592716100423,1.3680131128585902,0.9219582528186131,1,PE
3293.809464463106,1.1579231287843856,0.6513161215103372,1,PE
815.509200980067,1.5878864906227048,0.8863287341197106,1,PP
353.7731682547488,1.2300034121370542,0.7515757499194844,0,PE
3212.4539717533717,1.810134857122491,0.20850257476332124,0,PE
133.53004139756743,1.8510527960168877,0.9122079765572575,1,PE
2929.292130786043,1.1325813903101831,0.1597994599201974,1,PE
4701.210976883363,0.9152416958525773,0.5805707252929874,1,PP
2877.795415201519,1.3885254928900435,0.2279234114141119,1,PE
1941.461461106403,1.8685450184250365,0.11053594965781366,1,PE
3216.7978039933237,0.8159932835084999,0.47983083411487515,0,PE
2291.8061995670914,1.4344498753452242,0.3655366368887406,1,PP
2728.5383297903586,1.4473403301387808,0.5374004444178427,0,PE
4707.382579073849,1.5996695336229214,0.6194798980610957,1,PP
1931.1270863660704,0.6973515276908897,0.13936516507805263,1,PE
4805.991628555747,1.573737447023133,0.21070296561137108,1,PE
4526.847859138363,1.8635487809984614,0.6027781568053828,0,PE
979.7598828116929,0.769524663305363,0.40885061785539245,0,PP
347.7371430749521,0.8563149873858165,0.7562561387945032,1,PP
504.78922888575585,1.9570926410624594,0.6870624837327457,0,PE
92.09090643209709,0.7714654290642347,0.8610439266909161,1,non_plastic
473.12036081888607,1.7815776400543686,0.7232435440023027,0,PP
3415.350860308368,1.2384167846720522,0.48693796965113334,1,PE
356.8720536526847,0.8708466116047655,0.7056699601549892,1,PP
1595.5591758385128,1.8061248519087671,0.3478430568298767,1,PE
4224.531679536303,1.1679578825039982,0.3756821489003914,1,PP
117.33640674339351,1.2722260308945352,0.810086643928714,0,PP
4072.52794446209,1.0388500540996486,0.501777564761424,0,PP
1409.9920190922262,1.389426277152391,0.8185423064665173,1,PP
591.7059732806596,0.7452858088775342,0.8401801363014506,1,PE
3483.989089655389,1.0866223049776411,0.8718061038951553,1,PP
3145.08529105264,1.9541184835029313,0.9249717122570866,0,PE
4387.482595621737,0.8872001490516913,0.48788669846196664,0,PE
3675.620147975625,1.4851049968119383,0.38698013648902496,0,PP
4017.601170993858,0.9877850963370423,0.6239788719347025,1,PP
1410.8908282839611,1.660209688529901,0.4340551810938649,0,PP
888.0202793548344,0.6963104910775247,0.6409667501202096,1,PE
3753.323143452651,1.954731567617817,0.7350272763794421,0,PP
4034.366861597053,1.1806843120754589,0.7195645166429232,1,PP
4952.535204861366,0.8540756950196959,0.43709759831810924,1,PE
2063.675766880221,0.610245120995019,0.25017418152887755,1,PE
1860.718410878123,0.7546368576313112,0.48747640461598685,1,PE
3882.2883907492424,1.2796609228340265,0.22833472967371787,1,PE
1704.6768977248362,1.0055047646469295,0.9010873316654275,1,PP
4653.85587069222,1.7433250488239143,0.4112897146640717,1,PP
4292.205346463216,1.146331285492709,0.23901377250099143,1,PP
2145.541142847717,0.8730714088814449,0.12290298391517579,1,PP
3754.6044678896956,1.425717479906045,0.6812401476578358,0,PE
3772.959827549327,1.5601658253281687,0.6732120857092689,1,PP
516.5162203108271,0.7505628618514248,0.40654374992316256,0,PE
4512.861980491154,0.7514288244324765,0.1645406999628859,0,PP
2526.756609866838,0.5550071404003145,0.4686660054057088,1,PE
4132.4608730726,1.6046030225984609,0.3800957455570543,1,PP
1600.9279555520282,1.4957067914327076,0.7094085757615084,1,PE
4477.720619252506,1.2119463136247208,0.6452013245074213,1,PE
1946.6191919920814,1.7662556734537957,0.428134355377786,1,PP
55.1774197500115,1.7085052294250798,0.2961032988294911,1,PS
4527.004500119899,1.3780315465951283,0.9892323695400327,0,PP
457.34209725388166,1.8024069207698878,0.5086014590765034,0,PE
1597.2488743144838,0.8087618150551523,0.7194468122022133,1,PP
4750.359773286974,0.6678794290965918,0.22649767082052472,0,PE
4753.085127540843,0.9046244172754845,0.537030729693458,0,PE
2867.616002728307,0.5856302841339722,0.12478304788251894,1,PE
3159.5542236368265,1.296754292001548,0.554909606119405,1,PE
2242.7791643696205,1.9049085384424422,0.9676156664059321,1,PE
1466.7606477186246,0.5590153110027645,0.44578604168722025,1,PE
1643.9940623042098,0.6831648710150402,0.13509641131742045,1,PE
3362.919761929115,1.1782985424251529,0.12786021182740917,0,PE
3762.120272658962,1.9008125262918574,0.44918808395218257,0,PP
3958.1036395855167,0.9742341574651258,0.24402244281687466,1,PP
3948.301095829975,1.2608522130325888,0.12101688669536732,1,PE
456.93930914040317,0.5623592885755881,0.7805922525551592,1,PP
2472.607103208205,0.7225148014431333,0.5126707079937016,0,PP
288.73624132320475,1.9799451844382703,0.36032029477538907,1,PE
2748.094882736354,1.9476780446540682,0.9100748647148327,1,PP
2208.2109763655117,0.5074099714016145,0.20452506418047306,1,PE
4438.633209608741,1.9277176781348584,0.9603269460597873,1,PP
1755.2241477478412,1.4586799067232505,0.3825700456396176,1,PE
586.2180151216018,1.8018774417800332,0.8995633050778131,1,PP
715.8154185821264,1.1821097834507888,0.6426485888315154,1,PP
3807.791647955644,1.2733940428688753,0.8440366237673387,1,PE
3091.4720985179893,1.2332698703853802,0.9856118468894178,1,PE
506.51225793782845,1.5002963863191565,0.3595648940368712,1,PP
421.44992376887217,0.7094768821344694,0.9650219368668337,1,PE
3505.144688164141,0.544960384809017,0.4505337054121783,1,PP
364.74226881460345,0.9618949123867864,0.44696071426323014,0,PP
4109.478436392491,1.55702114410497,0.4063483938290552,1,PP
3531.5048935553245,0.8027801781844226,0.5872668466128267,1,PP
407.66255442885694,1.510148649987376,0.23873053886063839,1,PP
425.1037327118744,1.9548680691609057,0.5983403368222101,1,PP
4933.211252927376,0.6408510736841275,0.5875343311690037,1,PE
1871.9797079848454,1.5089031773376895,0.785711631344383,0,PE
1853.8400931873878,1.1656253289568568,0.850284965743827,1,PE
4064.1850367202555,1.802213381566258,0.49639721528118164,1,PP
4736.29563834191,0.7657246841710789,0.37209992441634443,1,PP
4930.019318050531,1.5389389283392467,0.33340140758538506,1,PE
3767.137548109449,1.7571729344721654,0.2751614530343848,1,PP
1881.9216680690479,1.9169213292110348,0.1518828239791224,1,PE
418.42008277664513,1.5248720424344686,0.408203180951242,0,PE
3885.9574327212563,1.245762146012641,0.34322292291770495,1,PP
2792.4628444292894,1.4267708603018208,0.9697756472797666,1,PE
2121.6858242256344,1.8033574767180773,0.6019379436250395,1,PP
4531.865571088585,1.3559146199582446,0.41254933512745684,1,PE
556.8762140484506,0.5455805895452552,0.6224208408943264,1,PP
2463.632896350005,1.8964230432604667,0.22527703121112597,0,PP
57.75687019232792,1.5342901265473416,0.4996393742819827,1,PS
2343.8345493286374,1.5147700786658698,0.6636108892789574,1,PP
282.4600751335049,0.8235127285965758,0.5400080486132063,1,PP
594.9707634240915,1.488328205348986,0.4616009205888918,1,PE
588.5137076387473,1.0907966084812377,0.9944635500097283,0,PE
3246.402300278202,1.4768494655622382,0.8922832859340343,0,PP
3730.478351447851,0.6598895454619861,0.6610653623434961,1,PE
2917.260456720701,1.486767956904554,0.6124396250640545,1,PE
4810.900569824235,1.999120588656,0.6585944318421256,0,PE
1874.9780270389965,0.572318058290834,0.28118089704018995,1,PE
1429.2747193230218,1.965761276331976,0.4556239689378868,1,PP
4343.127041819112,1.110361941084306,0.1355135796018094,1,PE
1118.7555967587436,1.8061301755058887,0.5279914337381441,1,PE
4816.149474663616,1.6735782260874101,0.5887221255618968,0,PE
61.76021897439189,1.3505243914800018,0.30497476249288863,0,non_plastic
4849.424254711487,1.6076738138769897,0.9676259624489624,1,PP
216.75639984093,1.817773341952022,0.9185091498435178,1,PE
4455.824425376657,1.1062104824765495,0.7499289119103153,1,PP
2638.977844322413,0.990549742344858,0.5800479658888263,1,PE
4964.831015800382,1.501390078345377,0.8829722436829165,1,PE
369.9090271122589,1.7117689129118878,0.21758710944111664,1,PP
2769.7175677222026,1.6434277021649235,0.8114588148473965,1,PE
4846.543375559876,1.6967204732879517,0.21233873257016347,1,PP
2615.966123006574,1.1533749722193996,0.8147895962944649,1,PP
3147.3637920381775,1.7267513242625325,0.34819081142622127,0,PE
3479.0476962341013,0.6803135830559126,0.8893815229163701,1,PE
2273.2507827740983,1.3167336469412743,0.949637884442858,0,PP
3138.162842340233,0.5086379907471823,0.2339163724646041,1,PE
2921.987245303578,0.9868787448504055,0.5164080445588541,1,PE
4505.888894444454,1.0496923023070968,0.9828886403464165,1,PE
228.1864553269479,1.0942590374138832,0.5350666923758319,1,PE
1405.5349847715595,1.5432008100347931,0.8771927702630906,0,PP
4752.107008898717,1.0828371519055187,0.6298583699181879,0,PE
4451.428655670691,1.1730404339337959,0.4377969171276417,1,PE
2278.8281071757788,0.8563161963114911,0.35720519997328315,0,PP
3101.042856409882,1.0598776874440101,0.2829007819774786,1,PE
1387.6285337226823,0.8409044408947273,0.7856183722399275,1,PE
941.4176774590828,0.6097938856526655,0.4478864561407251,1,PP
2319.0283262949706,1.4051728900720668,0.560147915980676,1,PE
1767.407787902238,1.5023191978325243,0.5430929320010638,0,PP
2918.6969031425097,1.4292355190144217,0.6195511263098181,1,PP
389.5954501879592,1.1952410657008585,0.879019431062097,1,PE
4871.999643523166,1.0696786702688448,0.9826654092250865,0,PP
4931.067511653535,1.795000474357738,0.46682578771643524,1,PE
3491.110408384706,1.278622677704327,0.8447670298956728,0,PE
2680.945735354258,1.2187728164445963,0.7880750151892458,1,PP
1548.3285538153525,0.5384630987096535,0.6161760563100159,1,PP
4069.1613035150363,1.0118717414392346,0.9604424292507397,0,PE
3423.9711315968425,1.0702934281787857,0.2804270639755625,1,PP
813.9220797851116,1.0982341713453507,0.19833778927865928,1,PP
4554.724995284719,1.3702585538409984,0.8685657702598799,1,PP
4112.863677372922,1.3004038200903176,0.49523483497037346,1,PP
4749.049766546328,1.411857639190167,0.8622719687863544,1,PE
3628.8718224334116,1.6473248923131925,0.9037811846758734,0,PE
3067.4625644830135,1.7194786080741402,0.1562118342571643,1,PP
2091.7969384168036,1.5771846143397417,0.8951182866874546,0,PE
4663.709688286713,1.933285543932402,0.50348714983248,1,PP
4330.453383612541,0.5273488740145424,0.559389240103809,1,PE
227.04813186084084,0.7936669785253192,0.6639332599838892,1,PE
132.80850551176277,0.5113443124672132,0.9337443460570781,1,PE
1882.9403710233698,1.4712120712319046,0.11720448498678764,0,PP
4052.9561005783826,1.8470458234249802,0.5291591214860354,1,PE
4936.3933704454075,0.8652234448644489,0.7189498381875046,0,PP
752.9340386265374,1.89055181719446,0.7504362619284056,0,PE
2971.0594460453235,0.5904010854343413,0.7232791883833972,0,PE
1905.0733922984766,1.9016540402082716,0.2209916164673097,1,PE
4849.602074675201,1.0274340308594516,0.3694560295345132,0,PP
4210.752496755408,0.6521312426738248,0.42284397287531217,0,PE
4191.805194850978,1.2288076387794884,0.8239934869115545,0,PE
2343.9971058150563,0.885164851580762,0.35088388517309776,0,PE
2074.6826921859883,0.9273093529428842,0.2896344674804828,1,PE
1367.7619525816006,0.9609349473894299,0.9617032171342865,1,PP
282.82110775798463,1.7045388467489953,0.10797695660212202,1,PP
4323.747158899011,1.3087419150128818,0.9980387701137804,1,PE
4064.692144641258,0.9669615487340055,0.7091391689716561,0,PP
4998.588648757367,1.4155006749663777,0.8456223695042053,1,PP
4983.187548532453,1.5742260113347903,0.36515745671157385,1,PE
2777.6030963075345,0.9089360011003007,0.11288374990035399,0,PP
3845.168088487372,1.1203236522880273,0.764082566705377,0,PP
4723.883883682258,0.6828291400054214,0.8507301373006082,0,PE
4248.38730599638,0.7717240243020205,0.7664285187581672,0,PE
1237.4931606142452,1.5216767809474743,0.22856525857075474,1,PP
2253.2701324151576,0.7721575215434404,0.7780851300312722,1,PP
646.6679163423235,1.2877450755005904,0.7920305038968769,0,PE
4770.301085266353,1.563569392583649,0.6926864641030493,0,PE
3031.2669976199495,0.6603153846421157,0.7895043395160276,1,PE
1143.9853847118102,1.3509683294433552,0.861329295709959,0,PP
3358.8317213448777,0.8848441755520456,0.6522437028137126,1,PP
3091.023074049021,1.9443903128563698,0.17974424257271115,1,PP
1791.4554274461696,1.2253184700798871,0.5388650287004898,0,PE
568.6744034059454,1.7089888246627372,0.16988440120444456,0,PP
3358.194404768405,1.3253398132343928,0.4667887279291878,1,PP
2602.0181968180627,0.5651187992822287,0.4663958402130649,1,PE
3861.819640286461,1.4497270633910335,0.15940885972621743,1,PE
2601.297342058855,1.9271050133099856,0.41393848057253135,1,PP
4261.055320092382,1.4024177302194967,0.19989828891218336,0,PP
2759.9822870336534,1.7287832891401853,0.8274116890083,1,PE
2805.128919705396,1.8263096950226116,0.9529192233680237,1,PP
4383.391359689067,0.8421196579233987,0.16508482773214475,0,PE
2018.0108481957727,0.81806725986234,0.9596036865625313,1,PP
670.9421270247531,1.4164714832764875,0.5703189394030707,0,PP
144.88459889038154,1.1165427047100571,0.3696091101584865,1,PP
3775.9311411124213,1.7597919543000806,0.16917586774854715,0,PP
3101.92744721597,1.8500346850970169,0.550561841263376,1,PP
3520.6947607280185,1.0301320689540772,0.8150639900416738,1,PE
1065.6078433830448,0.8553058384617231,0.7363778295400283,1,PP
682.7210064582621,1.6707882728657928,0.1452034103175764,0,PE
73.70878367374176,0.9122090533222041,0.16561165183111315,1,PS
1753.5872064741784,1.7339214777705176,0.46258595436937344,1,PE
2949.998516586311,1.1356073804731444,0.36576144464314897,1,PE
1961.827981453562,1.5013248489372057,0.3091458907504431,1,PP
2187.9371351966215,0.6433029707520023,0.3529040490178422,1,PE
4520.889313774248,1.4357889870148595,0.8231344689671961,1,PP
1741.9290796494784,1.1776515181058436,0.9363052482686685,1,PP
2570.433456309894,1.3799126947632112,0.4645924250748098,1,PE
3918.4814106929744,0.7520213116172951,0.9154999019192473,1,PP
1983.3173688240295,1.6053106174162732,0.3893461311230938,1,PE
3110.8114144391398,1.794195616314843,0.5287932877094125,1,PE
4311.956180024979,0.8251097001361635,0.3034260980343998,1,PP
4747.653597664553,0.6435718332802426,0.6764284379582596,1,PE
736.2203311642606,0.5354578790695046,0.981083003657328,0,PE
4633.011538182311,1.462957250664899,0.6431437864390408,1,PP
2461.0893491046113,1.410641054133171,0.42203267570219405,1,PP
1291.9636971064929,1.320046119071105,0.6830357013914755,1,PE
2296.2196454350683,0.8479206441739631,0.2106286106188488,1,PP
4900.1828438521,1.086358993858272,0.8997931722388588,1,PP
2463.597851870355,1.3917145027792595,0.5527755557018528,1,PP
1644.4292998272535,1.245150288288754,0.5044147678356778,1,PE
3167.370870729312,1.981678280322331,0.6272783096081672,1,PP
1201.4879482721872,0.7046596288350997,0.6623054765104622,1,PP
380.2407772152109,1.5427168310713908,0.16459822560386173,1,PP
645.2697298313354,1.1064781521564382,0.7143554991010621,1,PP
641.1011489499044,1.1422994223884222,0.31773851228397665,0,PE
760.3615648679595,1.5763966484872642,0.7425573692559309,0,PE
694.9970360744013,1.5386542269865544,0.8402813149457771,1,PE
3204.73284927127,1.9868839905532825,0.8235626567972683,0,PE
910.218541911325,0.6925914341811878,0.5972508706671003,1,PP
1728.9907493359922,0.6561644740762496,0.568152903079676,1,PE
4484.045261120154,1.5865082256931118,0.22858836520547055,1,PP
2370.334239674099,1.3675803755096136,0.797811535362822,1,PP
3338.1211348666147,0.9112409998397089,0.3442684424020429,0,PE
862.4270361369475,0.6191290534834799,0.5470258805361519,1,PE
962.2528050245452,0.6284873743946457,0.355846683634765,1,PP
205.30221271612783,1.8412863119961775,0.22044552669972384,1,PP
845.5063802977505,0.7878009870781144,0.666601927202563,0,PE
1393.6731048207612,0.9850573431732812,0.14889883134061346,1,PE
885.8754108994573,0.8399846033404821,0.77378071071358,0,PP
444.423966251521,1.032494458747906,0.385828115735005,0,PP
604.0587196319035,0.60413576411914,0.1001212237040368,0,PE
2304.4330613955963,1.2785896863624056,0.5600162253135068,0,PP
1032.4622583105568,0.6014188453883224,0.14216671767484282,1,PE
1821.9850353793292,1.7005347617335422,0.34855260203880956,0,PE
2517.5829370034294,0.8505681228656495,0.7362788387101445,1,PE
3452.283748318197,1.3100178719067659,0.15642065945967928,1,PE
197.52138706565358,1.8201186313421873,0.8554046431204021,1,PE
3997.2525841463043,1.4763160535707913,0.10343793039272481,0,PE
3139.8740470650478,1.299436679827003,0.322141482281712,1,PE
409.71340071241065,0.9865006296730634,0.7668136505368643,1,PE
4368.019541909779,0.999502869587297,0.3846431347563761,1,PE
4604.441130258534,1.5042304327972853,0.19170314925941218,0,PP
306.3287213144639,1.9912090418317514,0.4242105269203851,1,PE
1385.1113630878715,1.492758784774068,0.343353957746073,1,PE
4031.2001976855136,1.3366751260550374,0.8584407119444994,1,PP
3741.550192227908,1.595975765358869,0.38201312582662883,0,PP
923.4205757625302,1.1978084184255773,0.8100392245984065,1,PE
1047.5372673602149,0.5902135139011778,0.9026849303296612,0,PP
1852.9900418541185,1.3434452238168646,0.49043567761887663,0,PP
2423.1304029699154,1.9364379267580702,0.9189488294689528,1,PP
3091.6556028799496,0.7629544135364894,0.43958624856687356,0,PE
1845.1992842092923,1.5350073362309986,0.9676705748410973,0,PP
2313.211045949606,0.8014005329885847,0.18036057207301565,0,PE
3737.607219730649,1.303741526709622,0.7183173398529185,1,PP
184.3793312500989,0.6450146744700794,0.5444326364112358,1,PP
1262.9322847757599,1.1755564043872777,0.44888392491008233,1,PE
3567.0345798368776,1.634244993342869,0.6694406908737408,1,PP
4476.138981598309,1.021357286358473,0.733471382470898,0,PE
2558.875533136215,1.4973675867308271,0.10392694268527819,1,PP
2661.035312841313,1.6931749411845938,0.2502577798724789,1,PE
536.7528846875405,1.890766729219179,0.7417414455708868,0,PE
2237.6144217504498,0.8519631227831803,0.6997468722203858,1,PE
2663.5537150086607,1.0989738737139623,0.9694427546158095,1,PP
1213.1100476700135,0.7286240199956262,0.7849340112257047,0,PE
1346.9469115159554,1.9887252532375628,0.9556954369582042,0,PE
1887.0435313600087,1.890501451886443,0.7322864513813263,0,PE
101.33591769085412,1.3099356954208394,0.3682469877754988,0,PP
1611.0737487503081,1.763049941564632,0.19482843002577083,1,PP
1058.0285869757267,1.2814369659080633,0.803641477010442,1,PE
1638.1592635373954,1.4353785320041395,0.6797342993283243,1,PE
599.6908969644368,0.6336866481740249,0.14336741115396662,1,PE
4452.745876418735,1.632905630745212,0.42404541931088047,0,PE
2968.3686753166894,0.6915702254528522,0.9611198339358575,1,PE
3395.8324934033035,1.7391014453787925,0.5503610311391811,1,PP
3946.067021798084,1.6730421315055788,0.48945622241773423,1,PE
2492.712552446357,1.5631170466144646,0.5119296446433645,1,PE
435.51452014903106,0.5542405707871432,0.2879944516046474,1,PE
2685.9956025509205,0.9546925339179929,0.4318364537783157,1,PP
2934.6187489863746,0.8946688548662642,0.432831930388459,1,PP
3727.4519314474655,1.0402046112072787,0.14711951816872518,0,PP
2158.8660716021673,0.6314641201457578,0.7908108656661265,0,PE
638.7739336750233,1.9054367345465941,0.47485398871349105,0,PE
1419.5957530878236,1.3307033610685643,0.839961898134781,1,PE
1816.0483996967769,0.9582864659870354,0.8653132010079059,1,PE
3229.9402894166747,1.0954722756114252,0.2907946492287923,1,PP
2854.3207450398904,1.1708038107572536,0.6916181339531157,1,PP
1781.1275327633334,1.4008915000409259,0.5250536237466835,1,PP
4932.589728716105,1.2735191415447467,0.8921410641293366,1,PP
3029.268321965079,1.879087959821626,0.2941666112588087,0,PE
1186.8967318882364,1.2454452243587455,0.7100318802790397,0,PP
509.8105806293983,1.988237022234969,0.6469769100274503,1,PE
765.1428367824758,1.7771374366176436,0.36577132981464955,1,PE
1230.5426841941562,0.8127657715360037,0.22294081328605536,1,PP
804.2461849245188,1.8958928219658744,0.6864757844295489,0,PE
933.6485532324775,0.6745495968282141,0.7647377123190976,0,PE
1426.1907483005416,1.7261745627367873,0.38406460938701503,1,PE
867.6946028784794,1.0709349402148702,0.6803493436200824,0,PP
4483.9303577075,1.8169614806676042,0.45561781685035296,0,PP
402.0884945625494,1.8020850351611755,0.7418861949543559,1,PE
2623.032436461703,1.7088881001764318,0.2792937474046478,0,PP
2052.573738121318,1.685045654460592,0.9011935023725569,1,PE
4911.910705926123,0.9570187086470612,0.3586686368190217,0,PE
561.0824719380937,0.6213789245768783,0.4310073889805376,0,PP
1989.8801396296624,1.1044702681477423,0.15228275687231482,1,PP
4847.382695943569,0.7602867724797631,0.20036099108914876,1,PP
4327.670122344008,1.5424266333536925,0.5642757124410953,1,PE
4085.5432826754504,1.0191495898066782,0.34083340905517434,1,PP
1290.2562323976542,1.9634153012898723,0.8519322031679749,0,PP
855.267049362939,1.461458116017998,0.11322404978945846,1,PP
3343.5474564022306,1.7337208454515414,0.44118464380474254,0,PE
4646.950569648801,0.6987870091127726,0.40361099209218343,1,PP
2784.257702176635,1.7930217234089338,0.11739486782584094,1,PP
2858.4918346600293,1.8841357857700916,0.2119315591004592,1,PE
1400.6154892077607,1.230592878228404,0.47227840742677174,1,PE
3847.6951730264927,1.4093794066264662,0.543578126002702,0,PE
936.0316990390593,1.647214701354493,0.4638607725293822,0,PP
1619.072502784814,0.7622579408906188,0.5778439105708845,1,PP
2127.7567566434673,1.2538491146951636,0.6356185074151134,1,PP
2538.5442830435904,1.0979945416584695,0.10893143901505208,1,PP
1212.806252342986,0.7195609882433737,0.5176856435081535,0,PP
575.0692868712785,1.051301633437297,0.9671493167988294,1,PE
3053.489592165721,0.6022584640782404,0.5671290521165938,0,PE
1443.8641356480387,0.5387178604242304,0.7097880407130579,1,PE
2906.6098688916386,0.7027494337322342,0.38067747212519487,1,PE
772.6592136557374,1.9446726673837609,0.7965922403374863,1,PE
2406.2193691722327,1.3242943038425254,0.7956293336885035,0,PP
2663.4145733253777,1.94873324172983,0.5691664428887251,1,PE
260.0658605753121,1.148746817495198,0.9784124409512922,1,PE
1683.684786691409,0.9677241996278894,0.21299519328638805,1,PE
672.9389700179322,1.2592127942603661,0.1152528984006229,1,PE
317.811477393366,1.1592675329493651,0.7931423905813864,1,PP
4949.811201717336,0.6584970263926159,0.8264399836283943,1,PP
1612.44687102864,1.4612394720353095,0.20818650620851864,1,PP
4049.5623548273197,0.8240572737643994,0.3390245496627455,0,PE
1273.9486331640555,1.4293819323467445,0.11579712702996603,0,PP
3407.8321083974224,1.4753016385972302,0.3639777497025083,1,PP
3801.379071588543,0.7280372796929722,0.7958276865268044,0,PP
2978.5980642986137,0.5920244406660022,0.566164474941321,1,PE
2358.4093665622418,1.6711423791026596,0.41328603385145934,1,PP
2059.7927298221953,1.1897006356539803,0.43456536541569724,1,PP
1744.9924644484336,0.5872456932582137,0.10121826314392135,1,PP
4647.716192094881,1.9922994757546508,0.3698204748087123,1,PP
4153.266419530858,0.58667084149455,0.6818128674741374,1,PE
4825.169526421896,1.5425528432878297,0.9767749994347213,0,PP
622.3618202042381,1.9755183878951204,0.8623547442855095,1,PE
3654.6065085430178,0.8587701563238884,0.12123546818097622,0,PP
4691.763943648368,0.7133740530307943,0.9087045442073554,1,PE
906.9840977621351,0.6820774091336433,0.8048785719687633,1,PE
333.4148405665207,0.9549127213513933,0.8023385112138823,1,PE
3705.8621258010053,0.65156871651597,0.5121961831032144,0,PP
2872.7910927863795,1.5382420125411977,0.4582047636590526,1,PE
4209.302055014602,0.5934376971950941,0.3726241559498734,1,PP
699.7221107548212,1.2641331922246846,0.1591253730589292,0,PP
3976.541291987591,1.9950452807794652,0.30541182714432924,0,PE
1008.9349729186749,1.7209554042590283,0.32194327148022217,0,PE
819.1160583856569,1.4228291573465164,0.5356693627391814,1,PE
822.1647238570337,0.9593804311799174,0.7726999659370246,0,PP
4073.0590264366792,1.4358437544374576,0.526428845558152,1,PP
3326.3209062603046,1.2905621958674773,0.15206000450244456,1,PE
2615.8040584208275,1.1391250758355573,0.9620108208893835,1,PE
1794.793590133389,0.6960655651102992,0.948451887184701,0,PP
4386.125503524729,1.8299063228607002,0.8066705888335676,1,PP
1962.8330920057542,1.1746769732319837,0.9921951114077985,1,PP
4083.1805979184137,0.7919337677311475,0.5900340995202367,1,PP
2196.2354079425218,1.0516390263159345,0.9664915152278855,1,PE
1885.345202695113,1.1211946287933905,0.1680445365550757,1,PE
2313.9362485623624,1.7413068433503114,0.4291126734352342,1,PE
1507.5879929465464,1.600421570842103,0.30284314120608924,1,PE
3738.299291501079,1.6539573404620098,0.276249775720843,1,PE
2514.0992300723033,0.5165468966429708,0.2267226540034085,0,PE
1161.8312630389396,1.1242309972696423,0.660172277409397,0,PE
4497.973291799568,1.2220162274529853,0.8031896701725746,0,PP
1920.0722156446839,0.528788415234585,0.6204685594783246,1,PP
2718.220752708829,0.8897198131175513,0.23226643862938873,1,PP
4532.45408271177,1.6404347346832024,0.8300113929401238,1,PP
3121.5657415740466,0.7056645585934986,0.6723592364473556,1,PE
585.373305501112,1.3029651971788874,0.449349135514296,1,PP
4699.220785943762,0.8228028080258563,0.7067172659824567,1,PE
3138.912557304018,0.5181811619658399,0.33391448131854956,1,PP
1675.1931676707736,0.8618021863993122,0.41067298764478943,1,PE
697.2210912442729,1.9638106323650808,0.9257372588187912,0,PP
3970.3319211622097,1.7023056678244843,0.3614540551042784,0,PE
3100.7437068866393,1.9393649664815502,0.522989441342143,0,PE
2667.771998789631,1.2317810658895436,0.9011270236564132,1,PP
4469.569022671737,0.6646042980162552,0.7369492152407747,1,PE
3943.1974589114293,1.3219392334605393,0.1559829035482325,1,PP
759.2227237840232,1.1815660018399412,0.23257273985107332,0,PP
1559.2986169099456,1.7665356241094239,0.10705743169472515,1,PP
1243.1972099325142,0.6471238711763669,0.6678296112062471,1,PP
3719.987516570812,1.2323617055326672,0.5029060828693765,0,PP
168.62864124416112,0.7250729970409764,0.220847365812048,1,PE
2849.8785346717113,0.98701389033509,0.9621407089510934,0,PP
3812.5309700177118,1.6060356160816995,0.576693751551058,1,PP
4383.951418171985,1.2140271940531497,0.3177039647016003,1,PP
1711.0666618308214,1.063832427718654,0.5505432140392368,0,PE
4106.465266055392,1.0917144178550529,0.711658299461597,0,PP
554.048053039081,1.18917015260898,0.16861529617620802,1,PP
4232.4150063808565,1.6775248157555853,0.34723343354310277,1,PP
638.3158229975801,1.8381270334103517,0.8262689417955943,1,PE
1987.039165511276,1.9330020297558925,0.5136983833623952,1,PE
3986.6795335319885,1.6803550793829427,0.5919194278290655,1,PE
750.4372193165201,0.9731103436220191,0.4895344019885224,1,PP
1147.0277247679749,1.5322020591298133,0.13950994837870462,1,PP
3611.5405893969382,1.1564046860830879,0.24917480183814034,1,PE
3600.4626461938255,0.8820059330690768,0.5009874748677018,1,PE
3206.097016793601,1.7613073691388839,0.28826691886713507,1,PE
3470.048273891033,0.5576395234434874,0.14498112579371086,1,PE
2714.0794922946334,1.8526429882031352,0.8592846976466414,1,PP
1259.743495475857,1.1922161969371012,0.9830732762477042,0,PP
1729.1342715260932,1.4558022152124206,0.8138285865970655,1,PE
908.8069862903269,1.489030883308674,0.8684064295342003,1,PP
4542.344356106808,1.8426766110598045,0.31777941728534087,0,PE
2917.375582035836,1.4550045232508109,0.9645642779618798,1,PP
2004.8562324014358,1.4209003771400925,0.2772331340080856,1,PE
2310.567012417019,0.599978060841035,0.956286829325649,0,PE
4736.469414719465,1.2776120329178062,0.995337364569356,1,PE
767.6036641772849,0.7252535012255625,0.7405505251714438,0,PP
2931.562930251969,1.6061506530822283,0.9830293586126397,0,PP
2529.9375057434454,1.2683328812190118,0.6125858016103933,1,PP
3057.6597229378044,1.52034166881253,0.3335876048584813,1,PE
91.5328089203817,0.5625093509035763,0.49329629709905876,0,non_plastic
4360.747420811813,0.6271880240687049,0.6342048418409073,1,PE
4660.659294135578,1.5744850820940233,0.1657734058243135,1,PP
2826.1007847624555,0.60812650399801,0.6601089381555215,0,PE
3483.5574685605843,0.6068850916478878,0.983060053086065,0,PP
4612.574406505301,0.5181627128523312,0.2710968848053549,1,PP
3536.4859329326796,1.9347520974492203,0.813335604659545,0,PP
763.5426755283925,1.6062625391885104,0.9171089144016574,1,PE
2881.865512473899,1.0298771127530961,0.9493314335381987,1,PE
3033.9685168678966,0.9448033719314828,0.9641220439649025,1,PE
2121.229225840628,1.0245548446187742,0.5693136748493247,0,PP
3682.4847338879895,1.6619802967717727,0.9795771171923533,1,PP
4671.900706830305,1.4920559166056215,0.781579186420995,1,PE
4627.916996020975,0.7777933518012019,0.24550429261326573,1,PE
2254.7460176492564,0.7611640030011265,0.529210095821173,0,PP
567.0769911579355,0.647593474570096,0.7464980578348036,0,PP
4924.221153612711,1.4904540795520071,0.322606284237175,1,PE
4194.651534143225,1.646558993332604,0.6765536651939986,1,PP
624.188743335131,0.897569642487506,0.6999404311419573,0,PE
4604.288571204244,0.5314174415463693,0.2464297694277093,1,PE
4349.611913948579,0.6232575012146411,0.6085767812074806,0,PP
2594.6714475732347,1.9517900522675458,0.7944642198807469,1,PP
2956.7859032889014,0.9431671662161304,0.5490060980823478,1,PP
1995.614516646781,1.6538347217572005,0.1108928050984967,1,PE
274.75343247133463,1.4369953532813957,0.10813462217136297,1,PP
1676.6510109878586,1.0729094594793438,0.42132640957301093,1,PE
4014.4643895414592,0.8085308932933326,0.9335746615886038,1,PE
24.155483000009692,0.6820796272391096,0.3058091016432479,1,non_plastic
1668.1623592840297,1.4225194520583,0.6709273199845184,1,PE
1991.4452992611257,1.661950670956682,0.29986828362398854,1,PP
2687.4406190866766,1.465856380311696,0.38950299069359373,0,PP
4599.35822644739,1.2954531998737375,0.8632378806413356,0,PE
1732.3836258354404,0.5629268351474543,0.7559752980429522,1,PE
1735.4190562792423,1.9527331663915757,0.18585934958188957,1,PE
3687.768739300632,1.698071287481862,0.48583181888779026,1,PE
2261.637486508146,0.9392330550514472,0.12625278728073802,0,PP
1123.7995098769698,1.969955494038276,0.5328011319427081,1,PP
2262.7451411473344,1.4028223844544832,0.6961906105309613,1,PE
705.1442448786195,1.3736339873108698,0.2066523612383364,1,PE
882.7585455446103,1.622109769144298,0.3599964450182491,1,PP
2492.340495924659,1.7176546821352063,0.4580529629519412,1,PP
2095.208322073235,1.484717910997254,0.9275779221904448,1,PE
4574.314659439432,0.6921436195493,0.9939295138806676,1,PE
1812.607101684049,1.0074012589917476,0.1404201690960543,0,PP
2903.361163039939,1.8921254604890745,0.7849071311458529,1,PE
3161.6891753097325,0.8369234177657778,0.43455165976210897,1,PE
66.45918848507985,1.05825053575627,0.45321236760653205,1,PS
3318.0233227115364,1.148115324416294,0.7788384760123204,0,PP
891.0017983818874,1.1591074845416782,0.9265837889308678,1,PP
4805.390517029807,1.4194093737417883,0.9558357350522936,1,PP
744.1649760378117,1.9146137566170613,0.6194103274344887,0,PP
2073.7059945113915,0.8610390677487574,0.4214090433704526,1,PE
427.6629907251407,0.6822520644513771,0.8087941772729014,1,PE
4984.374384977891,0.796205734789906,0.32590124493607026,1,PE
2511.4728566458816,1.8303873503139043,0.607666625950166,1,PE
2977.329701582899,1.468716218982809,0.4227206153723858,0,PP
336.31531046474896,0.9288601838587403,0.6909679663370885,1,PP
3750.05239152549,1.7239204084529258,0.3163590216041562,0,PP
1050.3180598848332,1.792054994545154,0.2724336511613432,1,PP
4490.373392914128,1.769771508035417,0.9264151780078934,1,PE
1026.493062769554,1.8783898004593316,0.1916233146545832,1,PE
954.2479155976691,0.8783615302600424,0.5553621169614386,0,PP
183.71178957262632,1.6325628931194174,0.29876750466670804,1,PP
2360.8626586048863,1.19080924591121,0.13503696699310072,1,PP
2824.6408251798193,1.7629978293350923,0.13241693646228375,1,PP
329.4774885023335,1.5927360157424197,0.25769959489524463,1,PP
3877.862555858358,1.664671169749587,0.8800933190554002,1,PP
2266.99088490539,1.4842427565216072,0.35423086957932404,1,PE
2622.4269563685725,0.7661431542045603,0.9554132535177662,1,PP
2204.3729719442026,1.3175403783454076,0.6234600636902742,0,PP
2004.4145413157546,1.9770046092867624,0.4929527707918895,0,PE
2798.642016209781,1.9060820997456784,0.6220799512025091,1,PP
777.0459894076319,0.5647606036955175,0.565028546703641,1,PE
910.4587243458603,0.7472222235941557,0.7828986283815926,1,PP
4309.066319446573,0.6975931601818428,0.3542464593755671,1,PE
4730.63119520603,1.5889698649779431,0.4177453524402721,0,PP
1867.173272082485,1.7266779947854176,0.9046848722799257,1,PE
1354.4526210446254,0.8202670494660078,0.9518108618353649,0,PP
3220.35371665184,1.2587790394277434,0.9033024047378271,0,PE
2044.2621213193838,1.7610545420168,0.4775031945615822,1,PE
127.90639194606396,1.5992023171493759,0.8023289527061935,0,PE
781.6068342335856,1.3133558082377723,0.5287021599709889,1,PP
3580.1451720081404,1.3855215356881594,0.547785866931492,0,PE
3294.9607856088464,1.26254082037442,0.28421209815155557,1,PE
136.45286652491396,0.9463226769782309,0.6320172729326649,1,PP
1110.6388375028143,1.3475329892885242,0.26752230797801313,0,PP
1156.1429081437689,1.533327953075136,0.39840822916047436,1,PP
3359.7918252500435,1.8099843737912116,0.8695271814579416,1,PE
99.5329782340664,1.4544370309688721,0.2863682282897697,1,non_plastic
521.4388013408847,1.641682305564737,0.16404245665608952,0,PE
3999.7805107805734,0.7401074524318595,0.1621068333515347,1,PE
893.5447656096137,1.192336211629685,0.9467060684527971,1,PP
3264.0777931515217,0.51399742974064,0.5562283941656512,1,PP
1191.675722452586,0.8700182967824346,0.4684708646353165,1,PP
498.10752240396647,1.5896925726695073,0.8297907229071266,1,PE
1216.617782806271,1.987714927024045,0.8522433351194644,1,PE
3611.61239234644,0.6487671493808238,0.39897192980404417,1,PE
4278.626644063323,1.1022414737919324,0.7242562517264157,1,PP
4151.269102970391,1.7001064530487393,0.7940105342666979,1,PE
1986.5204645626557,0.8060534519433482,0.6891856181793591,1,PE
3340.7575977166603,1.3326274239534293,0.23643556732008944,1,PE
1025.716492783689,1.5996069440445122,0.8882947751653513,1,PP
1466.4455035748053,1.4239781753902685,0.5851850974624079,0,PE
4481.782756787078,0.7820371019231243,0.3542251837330034,1,PP
65.99661563016944,1.0330768530286092,0.4827053668939245,1,PS
428.45714574148593,1.6756876767280957,0.13381398135901665,1,PP
1040.2233894749907,1.3313397711980248,0.21508012110017583,1,PE
133.63448716522475,0.507844420314369,0.7889920754642747,1,PP
907.9957400138968,1.6414861400421408,0.10001047127982954,1,PP
2915.624763287491,0.5529670324103586,0.474909245634063,0,PE
2107.701328411897,1.6186006740968482,0.5702591629770296,1,PP
4463.465883673797,0.8037208402478562,0.1491709780008751,1,PE
4087.400365130466,1.9371102201790702,0.9757703466750995,1,PP
1709.744941137682,1.0519111269531267,0.3035127981247048,1,PP
1297.857743723031,0.9903974245071187,0.3737788476726528,1,PE
1899.0823484281673,0.723332075498667,0.37354826102952465,1,PE
2951.884417631524,0.9584063232353224,0.3073749959056149,0,PE
1341.0501404735585,1.8149761427423008,0.10132643987768028,0,PE
3121.120390337821,1.994501506440871,0.7564103146791967,0,PE
2047.6488493040108,1.0524642957602726,0.9701609498193569,1,PE
2760.683857079049,1.172915946431814,0.3018641349565406,1,PE
2181.1965191474483,1.5831064073041055,0.6967424726230802,1,PP
1473.0343319500464,1.8292936706976117,0.7677066942628435,1,PE
4742.318081503821,1.3895665012801763,0.8635828411814722,1,PE
3818.2653650046445,1.087288547266744,0.48036627731224824,1,PP
701.4257656564963,1.1189327612729356,0.3726378150763864,1,PE
4342.471411513666,1.5434272197452104,0.39276562062072806,1,PE
2437.668560049319,0.504827395406418,0.7413591997886615,1,PE
4472.866582243563,1.429384006189761,0.8351015198550724,1,PP
3999.476424480629,1.0332395156620362,0.26345257098094244,0,PP
2126.642308841698,1.6912959969156263,0.4338469073419887,1,PE
113.32407229226688,0.6394859597346982,0.911746177074235,0,PP
1344.1181195653455,1.3823034004225858,0.8260241677252653,1,PP
2708.6294390896737,1.2214593348291856,0.9863725624862283,1,PP
3167.75762091091,1.463488288857841,0.7788234337138726,1,PP
1290.1805394805783,0.5972803917244525,0.4538756809251301,0,PP
697.6410142900478,1.369975681142197,0.631574050595174,1,PE
4174.816253759696,1.3422268819392855,0.6949128288225883,0,PE
4922.026501337057,1.3409901416242564,0.17061023468541156,1,PE
2628.9252213311265,1.4052314998946822,0.5900472631934786,0,PP
859.2247499556692,1.5147019058395434,0.7383887456253486,1,PP
1362.2643252703253,1.7074834995211545,0.25058917360095434,1,PP
92.9349920607862,0.9047310801923215,0.8025685456830014,1,PS
4571.5797339959345,1.737574115270093,0.6253955024627005,0,PE
589.6376633678155,1.2473835233951804,0.9569996071278352,0,PP
2883.0058610957535,0.6155874187014967,0.13818006838620253,1,PP
1371.0020482153427,0.5878263938659688,0.3387935237999203,1,PP
2771.3358345764514,1.0013574780440913,0.6413984913698416,1,PP
3257.4505213709695,1.6773454656672013,0.36690392098533764,0,PP
4148.879276732301,1.5615214021113737,0.742981747664118,1,PE
1032.8999375312555,1.6829224470086097,0.7831047542697379,0,PP
55.96814746374391,1.275903584662414,0.19226436765982702,0,non_plastic
685.2912647139675,1.160298496933236,0.5624690177860909,1,PP
4500.193190598678,0.721178790059426,0.5580015000319504,1,PP
4369.576497735014,0.9922891304139674,0.43235269319398695,0,PE
2987.4680977493713,1.1510290492608128,0.9396323763127049,0,PP
3002.9837853078334,0.6329006445194258,0.844755687885899,0,PE
3325.518336056731,0.8309179290668169,0.727488443718673,1,PE
877.6810218386245,1.3973379410956082,0.7428939721614978,1,PE
4572.145317678874,1.6034946713587848,0.5155445294318072,0,PP
2094.4338539354735,1.9975212670894245,0.9288950689869183,0,PP
1916.3095027192378,1.8996699970153366,0.7251358845279569,1,PP
2595.069608708905,1.4638477993027874,0.7560829554902347,1,PE
235.78286790850018,1.131872079941108,0.8755218134086107,1,PP
832.250560411641,1.4542660470623492,0.3466644304079719,0,PP
3690.430048515426,1.678477427120348,0.8263638134800327,0,PE
414.9105409577072,0.677504286385081,0.27571654266084283,1,PE
3016.1573952224744,1.1148573345444324,0.41080775702039907,1,PE
1227.5001992969235,1.7597034284534259,0.40204940884285845,0,PP
1947.0887745958407,1.075749427899566,0.9806729215502265,1,PP
1444.1799901167287,1.3578084068407799,0.8708835013731342,0,PP
1779.0079096082807,1.3816540412932974,0.7310528754312338,1,PE
3595.5104800160434,0.776714379700459,0.7543510854538511,1,PP
1486.311456400252,1.0433531624784327,0.605865514962314,0,PE
2832.456796844189,1.0017669331128982,0.9523816003976672,1,PE
2380.7759605932993,0.5392950627980972,0.5466328775941254,1,PP
3318.6921556478783,0.5362876458370329,0.4424659388829051,1,PE
4684.211866884465,1.7475455655136602,0.2467318032384319,1,PP
3663.127913954041,0.9096062149592186,0.8075850870349521,0,PE
1075.486952575193,1.277118149358223,0.7609995388680323,1,PP
156.88449217136207,0.9480883603831596,0.4459195346717214,0,PE
1312.0579574548256,1.9110188676730107,0.12267407256330642,1,PP
2975.794575570574,0.8889451382986606,0.8550975949462096,1,PE
258.0776416077675,1.1444852191084025,0.11027618510866627,1,PE
2482.3348697589804,1.8090953757269028,0.7333298016661458,0,PP
2984.6174017355293,1.762900350187713,0.9732313987534513,1,PE
1671.8852101939872,0.7791521267694159,0.4938951953333831,1,PP
3854.7901065253636,1.7039649646935655,0.3114760644963575,1,PP
533.8846674157253,1.187280330106839,0.7343839090390435,0,PE
376.613770897308,1.2244533081280329,0.8354153278140266,0,PE
3641.215592261813,0.7002199586239157,0.5917872844700626,1,PP
2477.961089714786,0.620902270635687,0.9703317477305315,1,PP
3442.3235797422526,1.5919089604606478,0.146501849492165,0,PP
2174.7018656801274,1.2446917285329495,0.5543160384740753,1,PP
1232.763764162295,1.1552760539227693,0.746608552590295,1,PP
4095.6924860533245,1.5942623429785951,0.8763764240342611,1,PE
3997.2799789659275,1.6482693484866646,0.26133005071701104,0,PP
3473.7876578012792,0.7383622515040303,0.8200031335873132,0,PP
1361.4535410125836,1.415337724216462,0.5974363681466908,1,PE
2951.563103678566,0.7030311234165283,0.4568983137909669,0,PE
1805.508510803194,1.6270626290435686,0.2185435257211842,1,PE
458.8187845598441,1.4854327344007092,0.8787661830180211,1,PE
4586.650563735751,1.9349219316251869,0.24154588736174382,1,PP
684.956335963888,0.6034370245346318,0.37880907328818936,1,PE
4751.236531750192,0.5855820817268815,0.36104097876619323,1,PE
2230.5828590168207,0.9232806120398003,0.8842726307717689,0,PE
